ids,region,year,area_m2,elevation_m,label_4class,label_3class,in_visual_qc,in_final_777
CW2019_1524,CW,2019,1768723.6972658655,1248.2620753399408,refreeze,refreeze,True,True
CW2019_1525,CW,2019,231826.43750807163,1088.3140816857035,drain_slow,drain,True,True
CW2019_1529,CW,2019,70873.96018487486,775.8163796555868,drain_slow,drain,True,True
CW2019_1534,CW,2019,418384.9907689627,466.4523625746691,drain,drain,True,True
CW2019_1535,CW,2019,54412.911367828034,627.2052333528609,drain,drain,True,True
CW2019_1541,CW,2019,1121637.5763459103,895.1972925868289,drain,drain,False,False
CW2019_1542,CW,2019,437589.5477223624,901.6027188124287,drain_slow,drain,True,True
CW2019_1544,CW,2019,363146.14933093893,1072.8947342437075,drain_slow,drain,True,True
CW2019_1546,CW,2019,139461.663589649,681.3642694385418,drain,drain,True,True
CW2019_1548,CW,2019,1019213.2725947213,757.965488107001,drain,drain,True,True
CW2019_1549,CW,2019,222681.41038743308,822.8128312457225,drain,drain,True,True
CW2019_1552,CW,2019,57156.41950401011,809.4274614619588,drain,drain,True,True
CW2019_1553,CW,2019,58985.42492810335,303.9265148777256,drain,drain,True,True
CW2019_1564,CW,2019,1804822.727150383,1352.8101987025138,refreeze,refreeze,True,True
CW2019_1571,CW,2019,99223.54425895361,880.9613486545873,drain,drain,True,True
CW2019_1574,CW,2019,151350.1988465014,843.6210732213142,drain_slow,drain,True,True
CW2019_1576,CW,2019,58070.92221604266,686.8961239353168,drain,drain,True,True
CW2019_1579,CW,2019,534526.835201057,884.408267266887,drain,drain,True,True
CW2019_1583,CW,2019,251338.94941171256,1590.5352438847895,buried,buried,False,False
CW2019_1584,CW,2019,1005810.2984598456,1546.8976491591914,buried,buried,False,False
CW2019_1590,CW,2019,114988.70560794421,744.8946991404011,drain,drain,True,True
CW2019_1591,CW,2019,56241.91679193184,606.0061415727492,drain,drain,False,False
CW2019_1592,CW,2019,147692.18799821465,684.6033469565429,drain_slow,drain,True,True
CW2019_1597,CW,2019,431321.2712328988,1648.834094227832,buried,buried,True,True
CW2019_1599,CW,2019,359856.8171969989,1757.7244030390734,refreeze,refreeze,False,False
CW2019_1603,CW,2019,188844.81004124344,1774.5273758536873,refreeze,refreeze,False,False
CW2019_1604,CW,2019,95565.53341068092,1729.0367575279724,refreeze,refreeze,False,False
CW2019_1605,CW,2019,144948.6798620501,1725.6390206579945,refreeze,refreeze,False,False
CW2019_1606,CW,2019,65386.94391253881,1795.0,refreeze,refreeze,True,True
CW2019_1615,CW,2019,56241.91679194415,1691.132572653344,refreeze,refreeze,True,True
CW2019_1616,CW,2019,1075912.440742629,1759.001145049567,refreeze,refreeze,False,False
CW2019_1617,CW,2019,3151833.5971264774,1650.2232051625278,buried,buried,True,True
CW2019_1618,CW,2019,165067.73952734677,1564.2912353197044,drain,drain,False,False
CW2019_1619,CW,2019,1061280.397349665,1702.2166661601386,buried,buried,True,True
CW2019_1620,CW,2019,2421145.930187925,1557.5933003125579,drain,drain,True,True
CW2019_1623,CW,2019,64472.44120043938,1768.1648236782748,refreeze,refreeze,False,False
CW2019_1624,CW,2019,1968924.3390726105,1670.1263241181584,buried,buried,True,True
CW2019_1626,CW,2019,165982.24223950255,1509.2432229911396,refreeze,refreeze,True,True
CW2019_1628,CW,2019,197075.3344497827,1654.9101772769684,refreeze,refreeze,False,False
CW2019_1634,CW,2019,213536.3832668277,1712.1275516145677,buried,buried,True,True
CW2019_1636,CW,2019,681761.7718433206,1685.9350642544186,refreeze,refreeze,True,True
CW2019_1637,CW,2019,533612.3324890771,1662.808069210436,buried,buried,False,False
CW2019_1638,CW,2019,283038.58938358334,1717.998327165811,refreeze,refreeze,False,False
CW2019_1641,CW,2019,2005961.6989112021,1668.3832554454025,buried,buried,False,False
CW2019_1649,CW,2019,112941.08493977967,1402.8237403162816,drain_slow,drain,True,True
CW2019_1653,CW,2019,183357.79376868551,1665.9822315026408,refreeze,refreeze,True,True
CW2019_1654,CW,2019,168725.75037574096,1582.8567438409689,buried,buried,True,True
CW2019_1659,CW,2019,60814.430352256415,1371.556920170052,drain,drain,True,True
CW2019_1671,CW,2019,160495.225967133,1309.0203997527296,drain,drain,True,True
CW2019_1673,CW,2019,6991373.233724715,1530.0042460318978,buried,buried,True,True
CW2019_1677,CW,2019,84591.50086586097,1374.8546688712916,drain,drain,True,True
CW2019_1681,CW,2019,5273937.140469452,1539.6544158430233,drain,drain,True,True
CW2019_1685,CW,2019,67215.94933665142,1519.1408752477357,buried,buried,False,False
CW2019_1693,CW,2019,1852782.4946404835,1609.4517222492345,buried,buried,False,False
CW2019_1694,CW,2019,73617.46832110974,1606.4727769910644,refreeze,refreeze,True,True
CW2019_1695,CW,2019,150185.08643083982,1660.2531709547764,refreeze,refreeze,False,False
CW2019_1698,CW,2019,1319170.1621514687,1277.2072301050755,drain,drain,True,True
CW2019_1702,CW,2019,84591.50086587155,1389.2021299164146,buried,buried,True,True
CW2019_1704,CW,2019,237313.4537805239,1455.6902180533557,drain_slow,drain,True,True
CW2019_1707,CW,2019,1556026.3645757632,1245.1496864516669,drain,drain,True,True
CW2019_1715,CW,2019,1000008.7156414115,1376.7671685183998,refreeze,refreeze,False,False
CW2019_1716,CW,2019,347968.28194000036,1284.3195053010954,refreeze,refreeze,True,True
CW2019_1723,CW,2019,3023803.217437746,1180.39793560613,refreeze,refreeze,True,True
CW2019_1727,CW,2019,331507.23312305706,1394.1611327162193,refreeze,refreeze,True,True
CW2019_1732,CW,2019,1081399.4570149726,1157.2136205707695,refreeze,refreeze,True,True
CW2019_1744,CW,2019,3301812.041905013,1331.1012096804975,drain_slow,drain,True,True
CW2019_1745,CW,2019,171469.2585118192,1051.459766763849,drain,drain,True,True
CW2019_1751,CW,2019,226339.4212357709,1048.3359732488566,refreeze,refreeze,True,True
CW2019_1774,CW,2019,193417.32360142903,1111.69800680423,drain_slow,drain,True,True
CW2019_1775,CW,2019,358942.3144848255,928.2148934681106,drain,drain,False,False
CW2019_1777,CW,2019,95565.53341070557,1109.1105346266636,drain_slow,drain,True,True
CW2019_1778,CW,2019,96480.03612271346,1062.8901821675352,drain_slow,drain,True,True
CW2019_1779,CW,2019,725657.902022236,1247.0545522652894,drain,drain,True,True
CW2019_1784,CW,2019,95565.53341058407,858.4255422952785,drain,drain,True,True
CW2019_1785,CW,2019,2614106.002433267,989.6978238289887,refreeze,refreeze,True,True
CW2019_1786,CW,2019,63557.93848841388,1010.4726459904999,refreeze,refreeze,True,True
CW2019_1787,CW,2019,1362151.7896184481,1248.168294829076,refreeze,refreeze,True,True
CW2019_1788,CW,2019,1019213.2725946109,1043.084067397046,drain,drain,True,True
CW2019_1789,CW,2019,1068596.4190460488,802.8999609130975,drain_slow,drain,True,True
CW2019_1790,CW,2019,226339.42123571088,877.130888650963,drain_slow,drain,True,True
CW2019_1804,CW,2019,834483.7247577858,1396.1671473243862,drain_slow,drain,True,True
CW2019_1815,CW,2019,3638349.039944137,1470.798532188848,buried,buried,True,True
CW2019_1816,CW,2019,191588.31817724247,1348.7831210482914,refreeze,refreeze,True,True
CW2019_1820,CW,2019,155922.7124067838,1268.0212973906716,refreeze,refreeze,True,True
CW2019_1822,CW,2019,213536.38326674662,1347.6624875142077,refreeze,refreeze,True,True
CW2019_1823,CW,2019,3246941.8791811746,1181.9464751713551,buried,buried,False,False
CW2019_1844,CW,2019,127573.12833278246,745.9337011932106,drain,drain,False,False
CW2019_1854,CW,2019,681761.7718432538,1043.2811939299152,drain_slow,drain,True,True
CW2019_1874,CW,2019,606772.5494540876,1187.2369648331623,drain,drain,True,True
CW2019_1877,CW,2019,134889.15002935074,1077.5496136748518,drain,drain,True,True
CW2019_1880,CW,2019,1983896.0473459593,1366.2674538718445,refreeze,refreeze,True,True
CW2019_1881,CW,2019,182443.29105665482,1126.9445243678927,drain_slow,drain,True,True
CW2019_1884,CW,2019,1089629.981423615,975.1182666492037,drain,drain,True,True
CW2019_1897,CW,2019,315960.687017874,814.6233678370876,drain,drain,False,False
CW2019_1899,CW,2019,165982.24223948838,824.9344188247434,drain,drain,True,True
CW2019_1900,CW,2019,265759.6620947504,1056.550082347657,drain,drain,False,False
CW2019_1901,CW,2019,294012.6219283872,873.0252173495361,drain_slow,drain,True,True
CW2019_1904,CW,2019,76360.97645729533,809.8904141461146,drain,drain,True,True
CW2019_1905,CW,2019,235484.44835627396,983.5760521272513,drain_slow,drain,True,True
CW2019_1907,CW,2019,271150.0541268698,967.3781969267304,drain,drain,True,True
CW2019_1908,CW,2019,245543.97818904542,978.6833219322627,drain_slow,drain,True,True
CW2019_1909,CW,2019,223595.91309949532,989.5360482362804,drain,drain,True,True
CW2019_1911,CW,2019,294927.12464045855,857.9780485718121,drain_slow,drain,True,True
CW2019_1913,CW,2019,1073985.4203618246,1340.0146296463417,drain_slow,drain,True,True
CW2019_1914,CW,2019,82762.49544173079,1072.965937689838,drain_slow,drain,True,True
CW2019_1915,CW,2019,379975.8768623145,593.1797752808985,drain,drain,True,True
CW2019_1916,CW,2019,117513.59850015349,692.793639683506,drain,drain,True,True
CW2019_1933,CW,2019,363146.14933090226,1322.4475798588085,drain,drain,False,False
CW2019_1938,CW,2019,2545659.051818,1213.8428985573369,refreeze,refreeze,True,True
CW2019_1942,CW,2019,1412134.0249952094,1523.8775746449433,buried,buried,False,False
CW2019_1943,CW,2019,790376.9132496289,1229.5840474800018,drain,drain,False,False
CW2019_1948,CW,2019,85900.65359648538,1372.386552169744,refreeze,refreeze,False,False
CW2019_1954,CW,2019,1455766.103012455,1208.980281119938,drain,drain,True,True
CW2019_1957,CW,2019,613121.5963046707,1532.3595799758082,buried,buried,False,False
CW2019_1959,CW,2019,394488.9199886795,573.6080057634296,refreeze,refreeze,True,True
CW2019_1967,CW,2019,4606365.736506923,1334.6953450708563,refreeze,refreeze,True,True
CW2019_1974,CW,2019,59899.92764012005,862.7109077946772,drain,drain,True,True
CW2019_1979,CW,2019,241885.96734085548,897.0735436679294,drain,drain,True,True
CW2019_1984,CW,2019,88249.51171409675,961.6372767405127,drain_slow,drain,True,True
CW2019_1985,CW,2019,200733.345297918,865.7220668413228,drain_slow,drain,True,True
CW2019_1998,CW,2019,408325.4609363373,830.323510331884,drain,drain,True,True
CW2019_1999,CW,2019,228613.9087778252,1570.1012378987464,buried,buried,False,False
CW2019_2004,CW,2019,348882.78465220524,1077.6146374659734,drain_slow,drain,True,True
CW2019_2009,CW,2019,5131731.968743786,1248.9706636248022,buried,buried,False,False
CW2019_2012,CW,2019,311333.05668538075,1577.0397240833797,buried,buried,True,True
CW2019_2014,CW,2019,75901.63571748562,759.0202182436583,drain_slow,drain,False,False
CW2019_2015,CW,2019,691295.7360855758,1057.2153466243533,refreeze,refreeze,True,True
CW2019_2017,CW,2019,1503943.1891565411,1146.3143711998769,refreeze,refreeze,True,True
CW2019_2018,CW,2019,74083.63246676809,1339.0946486200082,buried,buried,True,True
CW2019_2021,CW,2019,86252.50175592463,1650.5700460829494,buried,buried,True,True
CW2019_2023,CW,2019,106807.69097968827,1376.8694908879536,refreeze,refreeze,False,False
CW2019_2025,CW,2019,780377.895370791,978.4419920769672,drain_slow,drain,True,True
CW2019_2033,CW,2019,57721.60321028437,657.0592437492303,drain,drain,False,False
CW2019_2034,CW,2019,60448.60808635971,1388.3461218672048,buried,buried,True,True
CW2019_2037,CW,2019,131350.73486434904,1437.1959615011226,buried,buried,True,True
CW2019_2044,CW,2019,130441.73323903324,637.549611427321,drain,drain,True,True
CW2019_2050,CW,2019,828554.9815147576,1128.0509694855457,drain,drain,False,False
CW2019_2066,CW,2019,1270329.7714392168,1147.6775397447673,drain_slow,drain,False,False
CW2019_2068,CW,2019,728564.8027252342,1095.9943848649286,refreeze,refreeze,True,True
CW2019_2074,CW,2019,182254.82588447744,820.2304441400902,drain_slow,drain,False,False
CW2019_2083,CW,2019,380711.9117448876,1580.1502592602942,refreeze,refreeze,True,True
CW2019_2090,CW,2019,432044.775718506,1601.8655886115944,buried,buried,True,True
CW2019_2094,CW,2019,89536.66009791156,1322.9999191886548,buried,buried,False,False
CW2019_2097,CW,2019,1783006.6881418459,1296.9892200935712,buried,buried,True,True
CW2019_2104,CW,2019,156091.83393878888,1322.2454570484579,buried,buried,True,True
CW2019_2111,CW,2019,148840.55624227616,1496.6402421516084,drain_slow,drain,True,True
CW2019_2114,CW,2019,120442.71536005453,1013.1482968912691,drain,drain,True,True
CW2019_2115,CW,2019,59539.6064610352,1043.6385802654495,drain_slow,drain,False,False
CW2019_2120,CW,2019,1389329.3258966284,1562.459005929355,refreeze,refreeze,True,True
CW2019_2124,CW,2019,234627.56509144214,1351.6387855104829,refreeze,refreeze,True,True
CW2019_2134,CW,2019,123169.72023611584,503.68331063262514,drain,drain,False,False
CW2019_2146,CW,2019,382023.3782284471,1237.5099799833827,refreeze,refreeze,True,True
CW2019_2150,CW,2019,76810.63734291893,771.0894079555965,drain,drain,True,True
CW2019_2151,CW,2019,56812.601584942284,847.5105437707276,drain_slow,drain,True,True
CW2019_2154,CW,2019,1119435.501629598,921.5885565418761,drain_slow,drain,True,True
CW2019_2171,CW,2019,115362.74116040923,1598.4945640390265,refreeze,refreeze,True,True
CW2019_2176,CW,2019,228463.46778820534,1541.8771129220027,buried,buried,True,True
CW2019_2181,CW,2019,153166.77387307127,715.9916450792315,drain,drain,True,True
CW2019_2182,CW,2019,84599.34351764926,1271.2436871366133,refreeze,refreeze,True,True
CW2019_2184,CW,2019,141602.1097380741,1312.24772290254,drain_slow,drain,True,True
CW2019_2188,CW,2019,1098378.1629772459,978.6674380968326,drain,drain,False,False
CW2019_2202,CW,2019,219415.40965812688,1391.0982120159306,refreeze,refreeze,False,False
CW2019_2211,CW,2019,83694.53770462178,1460.6659869147757,refreeze,refreeze,True,True
CW2019_2212,CW,2019,149745.3620552721,1364.0371772145838,refreeze,refreeze,True,True
CW2019_2214,CW,2019,165303.55096186802,713.2681563020786,drain_slow,drain,True,True
CW2019_2234,CW,2019,240225.94335762155,1044.6140317055442,drain,drain,True,True
CW2019_2236,CW,2019,180508.75969805318,1721.337372259889,buried,buried,True,True
CW2019_2244,CW,2019,99981.04233896713,1686.7661965781372,buried,buried,True,True
CW2019_2246,CW,2019,917925.4973116869,1515.8386910723418,buried,buried,True,True
CW2019_2254,CW,2019,427520.74665324856,1376.5245098450478,drain_slow,drain,True,True
CW2019_2259,CW,2019,749631.6160894148,1628.7297863347314,refreeze,refreeze,True,True
CW2019_2262,CW,2019,1447236.8979299997,1418.7829887718144,refreeze,refreeze,True,True
CW2019_2270,CW,2019,534287.8325901042,1560.253553628087,buried,buried,True,True
CW2019_2274,CW,2019,104505.07140413058,801.5003420206582,drain_slow,drain,True,True
CW2019_2276,CW,2019,572289.6767369879,257.0980304386749,drain_slow,drain,True,True
CW2019_2281,CW,2019,584956.9581192252,915.5723856915762,drain_slow,drain,True,True
CW2019_2282,CW,2019,5329758.641610978,1288.4262862864064,refreeze,refreeze,True,True
CW2019_2284,CW,2019,653722.1999090086,404.69369913896884,drain,drain,True,True
CW2019_2290,CW,2019,1376662.0445142544,1370.489621706504,refreeze,refreeze,True,True
CW2019_2294,CW,2019,665484.675478273,946.8503077452814,drain,drain,True,True
CW2019_2298,CW,2019,129640.97697526679,1516.6220489977736,refreeze,refreeze,True,True
CW2019_2301,CW,2019,1145160.494532384,1672.7180297560321,buried,buried,True,True
CW2019_2304,CW,2019,247069.10659478337,1574.6971538818614,buried,buried,True,True
CW2019_2307,CW,2019,285538.40579920885,1622.1224872553348,refreeze,refreeze,False,False
CW2019_2313,CW,2019,1006596.466987987,1069.6820247398837,refreeze,refreeze,True,True
CW2019_2316,CW,2019,175315.30686439737,1547.601846016223,buried,buried,True,True
CW2019_2321,CW,2019,916398.5868554426,1580.0491615194808,buried,buried,True,True
CW2019_2334,CW,2019,267370.1177482,688.7229016452217,drain_slow,drain,False,False
CW2019_2354,CW,2019,574156.3627718528,1275.0470456245323,drain,drain,True,True
CW2019_2361,CW,2019,190660.15010174518,918.4481406431757,drain,drain,True,True
CW2019_2373,CW,2019,3819153.029543306,1539.9285052245248,refreeze,refreeze,True,True
CW2019_2389,CW,2019,342692.5427994469,1603.9448133993271,buried,buried,True,True
CW2019_2406,CW,2019,99520.43621379147,862.1261850043094,drain_slow,drain,False,False
CW2019_2408,CW,2019,503906.64309147507,1451.5362228785295,drain,drain,True,True
CW2019_2409,CW,2019,647107.9947474491,1608.0691477648095,buried,buried,True,True
CW2019_2412,CW,2019,74302.58812338235,896.6395208423894,drain_slow,drain,False,False
CW2019_2415,CW,2019,527323.2163182399,1240.5975521958248,drain,drain,True,True
CW2019_2417,CW,2019,355301.4668447868,1399.237219182749,drain_slow,drain,False,False
CW2019_2419,CW,2019,96818.52391838927,1309.5648148148139,drain_slow,drain,True,True
CW2019_2420,CW,2019,184620.9133232904,1721.2000424022822,buried,buried,True,True
CW2019_2434,CW,2019,156073.41248661556,1486.643505998197,refreeze,refreeze,True,True
CW2019_2437,CW,2019,276538.8361640561,1677.2373739335321,buried,buried,True,True
CW2019_2440,CW,2019,224709.0392338188,1457.6373869540123,drain,drain,False,False
CW2019_2456,CW,2019,156421.481071705,1587.3587996718923,buried,buried,True,True
CW2019_2474,CW,2019,83813.22911292729,1069.5832016738548,drain_slow,drain,True,True
CW2019_2484,CW,2019,138493.51762510784,1470.2820028341991,refreeze,refreeze,True,True
CW2019_2494,CW,2019,182417.02806926856,1575.2204224388897,buried,buried,True,True
CW2019_2512,CW,2019,748726.8102764798,857.7304312321669,drain_slow,drain,True,True
NE2019_4316,NE,2019,128280.93862145612,1372.017413143574,buried,buried,True,True
NE2019_4317,NE,2019,79306.3033748019,825.3751625779254,drain_slow,drain,True,True
NE2019_4321,NE,2019,85671.72225961849,1366.9144411887821,buried,buried,True,True
NE2019_4322,NE,2019,217963.6987850831,1124.162979178503,buried,buried,True,True
NE2019_4324,NE,2019,148225.67819522347,1152.7498317307702,refreeze,refreeze,True,True
NE2019_4328,NE,2019,53941.4547561019,1127.7763729751082,drain_slow,drain,True,True
NE2019_4336,NE,2019,496352.04166285374,1432.5489898002752,buried,buried,True,True
NE2019_4337,NE,2019,57567.77104224047,1064.8766368022048,drain_slow,drain,True,True
NE2019_4347,NE,2019,114654.25573615517,956.1206030150756,drain,drain,False,False
NE2019_4348,NE,2019,64820.40361443349,1439.7432216905902,buried,buried,True,True
NE2019_4358,NE,2019,82931.73438624422,811.447238764406,drain,drain,True,True
NE2019_4361,NE,2019,60275.86698188031,1617.0332094614519,buried,buried,True,True
NE2019_4363,NE,2019,506226.6422463552,1614.70689183084,buried,buried,True,True
NE2019_4364,NE,2019,178138.85462658817,1335.6266209539178,buried,buried,True,True
NE2019_4367,NE,2019,57540.62023699431,640.7403471921912,drain,drain,False,False
NE2019_4377,NE,2019,52118.23084899916,1578.607468123861,buried,buried,True,True
NE2019_4387,NE,2019,67518.9004552762,1307.931917354503,drain,drain,False,False
NE2019_4390,NE,2019,188932.58770728562,516.0938099124921,drain,drain,False,False
NE2019_4393,NE,2019,94735.42141727115,1133.1891227937565,drain,drain,True,True
NE2019_4396,NE,2019,215210.9812013636,419.201098078363,drain,drain,False,False
NE2019_4397,NE,2019,375704.4641201964,1678.7333643069805,buried,buried,False,False
NE2019_4402,NE,2019,174434.16371054697,438.58829056438304,drain,drain,True,True
NE2019_4404,NE,2019,239677.07169576097,504.0928991878399,drain,drain,True,True
NE2019_4410,NE,2019,53916.01423781624,440.22799631627396,drain,drain,True,True
NE2019_4413,NE,2019,98317.4377277566,367.57326000655564,drain,drain,True,True
NE2019_4418,NE,2019,495211.7946379824,454.7199376902107,drain,drain,True,True
NE2019_4428,NE,2019,53020.68158412125,1603.1997069011459,buried,buried,True,True
NE2019_4438,NE,2019,69334.7374560413,1146.3941428645214,refreeze,refreeze,True,True
NE2019_4452,NE,2019,153603.93812634944,1268.7118498385485,refreeze,refreeze,True,True
NE2019_4472,NE,2019,73856.76081000538,1501.9026866529373,refreeze,refreeze,True,True
NE2019_4477,NE,2019,141823.1051136913,1798.0035661367688,buried,buried,True,True
NE2019_4478,NE,2019,82918.94005049684,1780.9250235505694,buried,buried,True,True
NE2019_4498,NE,2019,84698.32454529243,265.3843712980201,drain_slow,drain,True,True
NE2019_4511,NE,2019,222560.24840123032,1283.7368604466974,refreeze,refreeze,True,True
NE2019_4528,NE,2019,179864.90133274396,1397.5568452440511,drain_slow,drain,True,True
NE2019_4538,NE,2019,136332.59726270044,1662.9793965765812,buried,buried,False,False
NE2019_4558,NE,2019,64769.30700519312,992.4578643974743,drain_slow,drain,False,False
NE2019_4577,NE,2019,67486.90030612895,706.513130887848,drain_slow,drain,False,False
NE2019_4593,NE,2019,185249.27667912093,907.5428631837932,refreeze,refreeze,True,True
NE2019_4598,NE,2019,132740.31995662212,290.41188508037374,drain,drain,True,True
NE2019_4608,NE,2019,631988.895356672,529.2066390088589,drain_slow,drain,True,True
NE2019_4617,NE,2019,196119.6498829359,885.5378754818535,drain,drain,True,True
NE2019_4637,NE,2019,86530.3792208489,983.7696629213486,buried,buried,True,True
NE2019_4647,NE,2019,181668.49250039636,615.0843503300752,drain_slow,drain,True,True
NE2019_4648,NE,2019,152638.1570682556,1210.6070221248226,buried,buried,True,True
NE2019_4658,NE,2019,98309.38372210976,842.0531996353692,drain_slow,drain,False,False
NE2019_4662,NE,2019,129116.0108792983,743.3850904156624,refreeze,refreeze,True,True
NE2019_4663,NE,2019,1836165.5862943258,768.967917149902,refreeze,refreeze,True,True
NE2019_4667,NE,2019,2214905.8848737287,746.2776595539178,drain_slow,drain,True,True
NE2019_4687,NE,2019,243281.74681469394,1061.0021346901774,buried,buried,True,True
NE2019_4688,NE,2019,59341.99450111109,600.4431865828092,refreeze,refreeze,True,True
NE2019_4703,NE,2019,205205.52296959155,636.5906182627444,refreeze,refreeze,False,False
NE2019_4717,NE,2019,380966.54485085676,814.9679653355539,drain,drain,True,True
NE2019_4757,NE,2019,117325.01202893518,457.0084426353083,drain_slow,drain,True,True
NE2019_4758,NE,2019,150846.4440372773,1045.4305222978255,buried,buried,True,True
NE2019_4778,NE,2019,869343.6523922553,681.4292682126404,drain_slow,drain,True,True
NE2019_4807,NE,2019,181660.65899391138,1043.1453502083166,buried,buried,True,True
NE2019_4818,NE,2019,76560.22785530052,1033.1618752348743,buried,buried,True,True
NE2019_4827,NE,2019,398259.5566274581,901.9632851282332,buried,buried,True,True
NE2019_4828,NE,2019,172624.44945965882,718.1263316853189,drain,drain,True,True
NE2019_4831,NE,2019,58447.64824229139,645.11881909853,refreeze,refreeze,True,True
NE2019_4838,NE,2019,453567.36598195974,336.95299299977637,refreeze,refreeze,True,True
NE2019_4858,NE,2019,678312.034840093,351.6761865690482,buried,buried,False,False
NE2019_4868,NE,2019,105576.358284243,1081.8332994028226,buried,buried,True,True
NE2019_4877,NE,2019,83820.27073500142,948.6610045897138,buried,buried,True,True
NE2019_4887,NE,2019,110107.53245948133,1099.1204224207952,buried,buried,True,True
NE2019_4898,NE,2019,431817.88189885556,129.35307565965957,drain_slow,drain,False,False
NE2019_4918,NE,2019,319344.3356728097,1070.7632866281522,buried,buried,True,True
NE2019_4937,NE,2019,126410.02991929199,734.2909399293284,drain,drain,True,True
NE2019_4938,NE,2019,554119.9519401718,904.7406852345638,buried,buried,True,True
NE2019_4948,NE,2019,427256.83947632037,898.4337805498338,buried,buried,True,True
NE2019_4957,NE,2019,69321.62931058367,628.3659196487827,drain_slow,drain,True,True
NE2019_4958,NE,2019,1908836.760035737,679.6154280727111,drain,drain,True,True
NE2019_4968,NE,2019,619210.9317230474,1145.0981568845104,buried,buried,True,True
NE2019_4977,NE,2019,4693810.53367319,282.1720744455602,buried,buried,True,True
NE2019_4978,NE,2019,111919.22017735758,421.5806927044952,drain_slow,drain,True,True
NE2019_4988,NE,2019,139076.86361876433,889.9623998566638,refreeze,refreeze,True,True
NE2019_5008,NE,2019,176205.5979811643,1240.4526706749023,buried,buried,True,True
NE2019_5018,NE,2019,488755.37332056713,1049.5996929263392,refreeze,refreeze,True,True
NE2019_5021,NE,2019,164428.36006987927,966.3423833778357,refreeze,refreeze,True,True
NE2019_5038,NE,2019,53903.511978827744,914.5975191343366,refreeze,refreeze,True,True
NE2019_5048,NE,2019,469713.85062442336,835.0349904571482,buried,buried,True,True
NE2019_5051,NE,2019,429869.1837639192,1088.6244496698016,refreeze,refreeze,False,False
NE2019_5058,NE,2019,753263.3882240627,689.9534803207857,drain,drain,True,True
NE2019_5061,NE,2019,347428.5183845008,976.5598827203768,refreeze,refreeze,True,True
NE2019_5063,NE,2019,140873.88424714113,971.68826619965,refreeze,refreeze,True,True
NE2019_5068,NE,2019,121844.76935194153,543.316357117668,drain_slow,drain,True,True
NE2019_5078,NE,2019,203376.58527513614,169.58267912772592,drain,drain,True,True
NE2019_5087,NE,2019,1147333.831852848,100.94539327445054,drain,drain,False,False
NE2019_5088,NE,2019,160798.85918191553,555.8522552964452,drain_slow,drain,True,True
NE2019_5113,NE,2019,467158.14299032104,1001.6133214364702,refreeze,refreeze,True,True
NE2019_5117,NE,2019,65678.40727146335,596.293551699908,drain_slow,drain,True,True
NE2019_5118,NE,2019,284002.4921325862,451.00590585810875,drain_slow,drain,True,True
NE2019_5128,NE,2019,374593.3987139125,687.2188478875391,buried,buried,True,True
NE2019_5137,NE,2019,1324892.008752321,881.3635539780234,buried,buried,True,True
NE2019_5147,NE,2019,178917.04049811754,430.29289676149557,drain_slow,drain,True,True
NE2019_5148,NE,2019,191599.76741958663,222.24756435043017,drain_slow,drain,True,True
NE2019_5157,NE,2019,158081.13198449052,900.2399313320227,refreeze,refreeze,True,True
NE2019_5158,NE,2019,52089.77128425708,136.86679839204194,drain,drain,True,True
NE2019_5167,NE,2019,1956989.3497337569,981.626120606728,buried,buried,True,True
NE2019_5168,NE,2019,157175.2229186587,539.7914667032317,drain_slow,drain,True,True
NE2019_5187,NE,2019,352072.52531862486,1177.946652974907,buried,buried,True,True
NE2019_5188,NE,2019,103763.97464343267,1282.9891041162227,buried,buried,True,True
NE2019_5197,NE,2019,230636.95674022246,1293.0116497908014,buried,buried,True,True
NE2019_5198,NE,2019,833283.6216999772,1225.5259908513588,buried,buried,True,True
NE2019_5207,NE,2019,781628.1932748628,1096.636358116093,buried,buried,True,True
NE2019_5213,NE,2019,194317.49461699568,904.5871154204735,refreeze,refreeze,True,True
NE2019_5218,NE,2019,560304.7572057187,657.2400238848903,drain,drain,True,True
NE2019_5227,NE,2019,316800.8415761435,1237.5125536238415,buried,buried,True,True
NE2019_5228,NE,2019,109226.04123012093,1032.9447132913488,refreeze,refreeze,True,True
NE2019_5247,NE,2019,55739.77839907152,940.6538851565471,refreeze,refreeze,True,True
NE2019_5277,NE,2019,2299650.1635677367,150.28943007666555,drain_slow,drain,True,True
NE2019_5288,NE,2019,173487.77384785088,1213.2929575098196,buried,buried,True,True
NE2019_5298,NE,2019,1377483.8649377457,1052.8416473452787,buried,buried,True,True
NE2019_5307,NE,2019,67508.67353611032,1308.685315054047,drain_slow,drain,True,True
NE2019_5317,NE,2019,193464.45369069395,894.3665725641694,drain_slow,drain,True,True
NE2019_5327,NE,2019,161748.96947894644,1099.0876784405052,drain_slow,drain,True,True
NE2019_5328,NE,2019,72039.45699491036,1419.9701440979068,drain_slow,drain,True,True
NE2019_5398,NE,2019,522624.2317068841,1414.2179886627237,buried,buried,True,True
NE2019_5457,NE,2019,85633.17012250655,1196.5490383021058,drain,drain,True,True
NE2019_5458,NE,2019,92882.53902170785,1395.3682030830587,drain_slow,drain,True,True
NE2019_5477,NE,2019,275929.1037280751,1362.1773226708274,drain,drain,True,True
NE2019_5478,NE,2019,69322.09009917366,1669.5394997209394,buried,buried,False,False
NE2019_5498,NE,2019,361109.1882943749,1583.7381322196734,drain_slow,drain,True,True
NE2019_5517,NE,2019,103244.85001183812,1633.1515930648698,buried,buried,False,False
NE2019_5528,NE,2019,235327.09566668284,1454.1536163402182,drain_slow,drain,False,False
NE2019_5533,NE,2019,102927.26534939329,1715.465847614394,refreeze,refreeze,True,True
NE2019_5543,NE,2019,180009.3583422565,1942.1291362566503,refreeze,refreeze,True,True
NE2019_5548,NE,2019,84758.20864392813,1651.3326153976104,buried,buried,True,True
NE2019_5557,NE,2019,87477.72335981717,1013.3223258859153,drain,drain,True,True
NE2019_5567,NE,2019,91084.40131720572,963.5021517996868,drain_slow,drain,False,False
NE2019_5587,NE,2019,450756.0751002944,1512.4848024435134,drain_slow,drain,True,True
NE2019_5588,NE,2019,101929.76572614159,1398.3702036366194,drain_slow,drain,True,True
NE2019_5597,NE,2019,534111.9724052148,1620.4046104189363,drain_slow,drain,True,True
NE2019_5598,NE,2019,119144.57060447116,1507.1975091130012,drain_slow,drain,False,False
NE2019_5601,NE,2019,496964.23556268174,1507.2687328478892,refreeze,refreeze,True,True
NE2019_5607,NE,2019,160822.51925688024,1578.6813512845288,drain_slow,drain,True,True
NE2019_5611,NE,2019,530487.8029571706,1119.36191359571,refreeze,refreeze,True,True
NE2019_5617,NE,2019,1176496.0070706757,1570.7237096536523,refreeze,refreeze,True,True
NE2019_5618,NE,2019,275889.8992321741,1532.3549872585932,drain_slow,drain,True,True
NE2019_5637,NE,2019,301259.08536850486,1683.8323698731583,buried,buried,True,True
NE2019_5657,NE,2019,52101.92355985745,1097.492242021817,drain,drain,True,True
NE2019_5667,NE,2019,71124.32541779586,1731.8826298208323,refreeze,refreeze,True,True
NE2019_5671,NE,2019,52113.06947972513,884.8156067002583,refreeze,refreeze,True,True
NE2019_5683,NE,2019,896075.8960284636,1775.4879278059618,refreeze,refreeze,True,True
NE2019_5688,NE,2019,248730.05247270054,1342.4199841395714,drain_slow,drain,True,True
NE2019_5697,NE,2019,298566.6750081432,1333.6173799947023,drain_slow,drain,True,True
NE2019_5707,NE,2019,288648.8452976514,1162.8138466136947,drain_slow,drain,True,True
NE2019_5708,NE,2019,106487.40760586665,1238.2001141016171,drain_slow,drain,True,True
NE2019_5728,NE,2019,62978.53934491012,2009.5925591882753,buried,buried,False,False
NE2019_5737,NE,2019,51203.1101700436,1318.382038834951,refreeze,refreeze,True,True
NE2019_5758,NE,2019,145453.0828724655,1306.8998798165358,refreeze,refreeze,True,True
NE2019_5773,NE,2019,170832.99007416106,1561.950364963503,refreeze,refreeze,False,False
NE2019_5791,NE,2019,1341702.736402522,1547.2795392448395,refreeze,refreeze,True,True
NE2019_5798,NE,2019,237890.5560997893,1485.0138100700315,buried,buried,True,True
NE2019_5813,NE,2019,72953.10387059792,1683.5891423845894,refreeze,refreeze,False,False
NE2019_5817,NE,2019,62984.356757833535,1751.676310319645,buried,buried,False,False
NE2019_5821,NE,2019,92358.07937378819,1346.468816952982,refreeze,refreeze,True,True
NE2019_5827,NE,2019,607670.1040974368,895.7822996932736,drain_slow,drain,False,False
NE2019_5837,NE,2019,60268.548728496084,1455.0225612629592,buried,buried,True,True
NE2019_5838,NE,2019,70237.7823528392,1303.6047382808538,buried,buried,True,True
NO2019_3561,NO,2019,169213.2316426512,1264.100755984881,buried,buried,True,True
NO2019_3562,NO,2019,86648.06231568076,1194.7761021360993,buried,buried,True,True
NO2019_3571,NO,2019,684007.6940290286,1109.44099725324,buried,buried,True,True
NO2019_3572,NO,2019,126466.6313015735,1196.989473981262,buried,buried,True,True
NO2019_3581,NO,2019,332258.21055221464,1095.042438516733,buried,buried,True,True
NO2019_3582,NO,2019,446366.76481551747,309.11564735711664,drain,drain,True,True
NO2019_3583,NO,2019,97456.36462307014,1187.4418724091124,buried,buried,True,True
NO2019_3592,NO,2019,426427.5387729749,549.9811435930027,drain_slow,drain,False,False
NO2019_3593,NO,2019,705765.3940378964,1079.0710693531746,buried,buried,True,True
NO2019_3596,NO,2019,298635.2264095834,649.018031325919,drain,drain,True,True
NO2019_3602,NO,2019,850589.2564047406,565.4273236131497,refreeze,refreeze,True,True
NO2019_3611,NO,2019,55750.87529851627,1001.9092466840136,buried,buried,True,True
NO2019_3612,NO,2019,131898.4122915984,958.3954704772178,drain_slow,drain,True,True
NO2019_3616,NO,2019,311389.035203852,1018.8630498901077,refreeze,refreeze,True,True
NO2019_3621,NO,2019,827024.7165363325,868.0936683972843,buried,buried,True,True
NO2019_3622,NO,2019,314949.13862615515,900.1141825440446,refreeze,refreeze,True,True
NO2019_3623,NO,2019,363081.6188981118,992.8144192532153,buried,buried,True,True
NO2019_3628,NO,2019,800908.9158736432,909.2469715213542,refreeze,refreeze,True,True
NO2019_3631,NO,2019,708444.0495248981,837.5451355470001,drain_slow,drain,True,True
NO2019_3633,NO,2019,323173.77307179384,1011.4704750317974,refreeze,refreeze,True,True
NO2019_3637,NO,2019,992184.2766539124,826.8083803326111,refreeze,refreeze,True,True
NO2019_3641,NO,2019,156374.40632504682,1193.51677668395,buried,buried,True,True
NO2019_3649,NO,2019,340326.33540755295,618.7336830521689,refreeze,refreeze,True,True
NO2019_3651,NO,2019,125526.49122222477,709.0570051049348,drain_slow,drain,True,True
NO2019_3652,NO,2019,138215.0896129183,589.5802045137633,refreeze,refreeze,False,False
NO2019_3653,NO,2019,89297.22711973084,1134.539913613822,buried,buried,True,True
NO2019_3655,NO,2019,1159647.2600638205,783.6848525477176,refreeze,refreeze,True,True
NO2019_3659,NO,2019,85704.06558073436,746.8287197956362,drain,drain,True,True
NO2019_3662,NO,2019,227989.3518304496,1161.7780636658877,buried,buried,True,True
NO2019_3663,NO,2019,512636.09725695517,930.5804845416998,drain_slow,drain,True,True
NO2019_3665,NO,2019,100170.27187778792,753.8445381153101,refreeze,refreeze,True,True
NO2019_3672,NO,2019,128272.33910141408,864.7918771807391,refreeze,refreeze,True,True
NO2019_3673,NO,2019,93866.3575408205,738.5569150346607,drain_slow,drain,True,True
NO2019_3680,NO,2019,131898.41229155322,949.0552981657586,drain_slow,drain,False,False
NO2019_3682,NO,2019,190822.1016314731,600.645344705046,drain,drain,True,True
NO2019_3683,NO,2019,785498.1048155233,670.4395666109637,drain,drain,True,True
NO2019_3686,NO,2019,131924.80959128152,1099.1089010167043,refreeze,refreeze,True,True
NO2019_3687,NO,2019,714932.731015503,1013.6037407612238,refreeze,refreeze,True,True
NO2019_3688,NO,2019,73896.02736557036,1148.2999034282955,refreeze,refreeze,True,True
NO2019_3692,NO,2019,1610752.0566252319,1079.4380486423195,buried,buried,True,True
NO2019_3696,NO,2019,197167.72971422353,712.8138448827102,drain,drain,False,False
NO2019_3702,NO,2019,194487.0904284311,767.368156925951,drain,drain,True,True
NO2019_3703,NO,2019,299664.2582125408,969.1447892090272,drain_slow,drain,True,True
NO2019_3705,NO,2019,108350.61681213073,1149.5588050418505,refreeze,refreeze,True,True
NO2019_3708,NO,2019,171819.59737148788,1066.401740571902,refreeze,refreeze,False,False
NO2019_3712,NO,2019,355426.29113264696,964.5197560404133,drain_slow,drain,True,True
NO2019_3713,NO,2019,667784.3454570029,1080.8045694559453,refreeze,refreeze,True,True
NO2019_3716,NO,2019,108377.09880315095,204.5989280042351,refreeze,refreeze,False,False
NO2019_3720,NO,2019,250702.4732095825,614.099067087586,drain,drain,True,True
NO2019_3731,NO,2019,346108.02719078347,1115.4948395291,buried,buried,True,True
NO2019_3732,NO,2019,194600.71253585196,1255.4999721163676,buried,buried,True,True
NO2019_3733,NO,2019,975725.2509664343,1178.03218211516,buried,buried,True,True
NO2019_3734,NO,2019,103817.11820072007,574.2347879955943,drain,drain,True,True
NO2019_3741,NO,2019,181793.29431653424,1291.3728075338433,buried,buried,True,True
NO2019_3748,NO,2019,244498.3311348064,1222.7772785717461,refreeze,refreeze,True,True
NO2019_3753,NO,2019,55794.609887896375,1301.3591782216004,refreeze,refreeze,True,True
NO2019_3754,NO,2019,51209.49452000593,873.2958526621894,refreeze,refreeze,True,True
NO2019_3757,NO,2019,1652299.2656630408,927.1698575139583,refreeze,refreeze,False,False
NO2019_3761,NO,2019,1001530.8220282978,856.9903877897668,drain_slow,drain,True,True
NO2019_3762,NO,2019,69336.74921732745,755.8821057055794,refreeze,refreeze,True,True
NO2019_3773,NO,2019,570555.3415989407,1336.635433464235,buried,buried,True,True
NO2019_3781,NO,2019,165385.89685069319,1240.3985819362538,buried,buried,True,False
NO2019_3785,NO,2019,275039.01202296384,1063.0606831634873,refreeze,refreeze,False,False
NO2019_3793,NO,2019,111918.67540308805,1313.3732037597572,buried,buried,True,False
NO2019_3801,NO,2019,203447.30872863432,961.0018492752598,buried,buried,True,False
NO2019_3802,NO,2019,271438.8408441426,852.6065584604406,drain_slow,drain,True,True
NO2019_3812,NO,2019,683292.9656187913,691.2833188439591,drain_slow,drain,True,False
NO2019_3813,NO,2019,158136.10411204703,943.748386077378,drain_slow,drain,True,False
NO2019_3821,NO,2019,67513.69487877075,1023.1979028051315,drain_slow,drain,True,False
NO2019_3853,NO,2019,778673.688505849,1199.3521852695087,buried,buried,False,False
NO2019_3872,NO,2019,261369.8186549717,1145.2087078062755,buried,buried,True,False
NO2019_3881,NO,2019,110092.52790919197,835.9666926626373,buried,buried,False,False
NO2019_3883,NO,2019,183475.61998149412,720.2980315888738,drain_slow,drain,True,True
NO2019_3892,NO,2019,279517.1790829015,700.2383737120576,drain_slow,drain,True,True
NO2019_3893,NO,2019,102847.98919571053,752.3708546255507,drain_slow,drain,True,True
NO2019_3901,NO,2019,54822.05591487199,658.6506973140494,refreeze,refreeze,True,True
NO2019_3902,NO,2019,101031.41450101246,90.24336204757341,drain_slow,drain,True,True
NO2019_3909,NO,2019,74757.3489747833,795.290580041686,refreeze,refreeze,True,True
NO2019_3911,NO,2019,247821.45171328422,97.07420832850015,drain_slow,drain,True,True
NO2019_3913,NO,2019,91071.04100208884,1173.115688131313,refreeze,refreeze,True,True
NO2019_3922,NO,2019,113721.78541015256,661.8476295133439,drain_slow,drain,True,True
NO2019_3923,NO,2019,140902.28932497287,597.4349027661569,drain,drain,True,True
NO2019_3927,NO,2019,110092.52790919157,639.1317007072506,refreeze,refreeze,False,False
NO2019_3931,NO,2019,777929.5041804056,583.0973919378783,drain,drain,True,True
NO2019_3933,NO,2019,1256417.8940239649,1095.8867385478613,drain_slow,drain,True,True
NO2019_3936,NO,2019,92903.798057141,896.3721073742672,refreeze,refreeze,True,True
NO2019_3941,NO,2019,634739.8949977712,559.7061735782597,drain_slow,drain,True,True
NO2019_3946,NO,2019,98342.06916294432,812.9977846699161,refreeze,refreeze,True,True
NO2019_3952,NO,2019,55722.22532770331,424.6186862244898,drain_slow,drain,True,True
NO2019_3961,NO,2019,625716.9533527293,1017.8889903062936,drain_slow,drain,True,True
NO2019_3963,NO,2019,198950.0846199839,804.7991318425222,drain_slow,drain,True,True
NO2019_3971,NO,2019,149951.6795404355,240.17454337355136,drain_slow,drain,True,True
NO2019_3972,NO,2019,317605.46443244035,396.0272605560121,drain_slow,drain,True,True
NO2019_3973,NO,2019,59346.43510514368,290.529066985646,drain_slow,drain,True,True
NO2019_3979,NO,2019,54816.17288334659,261.85663361202927,drain,drain,False,False
NO2019_3981,NO,2019,116427.73909936321,244.55378107470193,drain,drain,False,False
NO2019_3999,NO,2019,96504.94140386349,317.5958204966408,drain,drain,True,True
NO2019_4001,NO,2019,205237.09666952014,251.88208438848687,drain,drain,True,True
NO2019_4003,NO,2019,52116.76476376165,547.9319060773481,drain_slow,drain,True,True
NO2019_4012,NO,2019,66594.85465996314,185.1332439678284,refreeze,refreeze,True,True
NO2019_4031,NO,2019,169044.34875373126,1164.3909857013118,refreeze,refreeze,False,False
NO2019_4032,NO,2019,168086.01073815898,118.4132449205135,drain,drain,True,True
NO2019_4033,NO,2019,98344.83560202036,1070.9507987918046,refreeze,refreeze,True,True
NO2019_4039,NO,2019,142703.2599856322,93.65693558474051,drain,drain,True,True
NO2019_4053,NO,2019,293139.42294975696,631.3243253086644,drain_slow,drain,True,True
NO2019_4061,NO,2019,125501.73130924931,515.9905770158656,drain,drain,True,True
NO2019_4072,NO,2019,303111.9070643222,182.90341307890884,drain_slow,drain,True,True
NO2019_4073,NO,2019,1350924.1945304973,749.2444311762284,drain_slow,drain,True,True
NO2019_4079,NO,2019,68419.91897109179,866.5470658558137,refreeze,refreeze,False,False
NO2019_4101,NO,2019,371897.09032190446,900.15819979873,drain_slow,drain,True,False
NO2019_4131,NO,2019,710098.9880052481,317.43560963902195,drain,drain,True,False
NO2019_4132,NO,2019,56644.78206805252,667.4659725271276,drain_slow,drain,True,False
NO2019_4151,NO,2019,90178.4930523396,199.57798092209856,drain_slow,drain,True,True
NO2019_4152,NO,2019,259659.68100002894,170.43085114099628,refreeze,refreeze,True,True
NO2019_4153,NO,2019,90152.35439596884,1294.0055678407832,buried,buried,True,True
NO2019_4159,NO,2019,212474.1467821407,1132.1855052078104,refreeze,refreeze,True,True
NO2019_4161,NO,2019,2049946.7519691032,1259.9718309859154,buried,buried,True,True
NO2019_4163,NO,2019,196164.83061122085,1097.0139253426655,buried,buried,True,True
NO2019_4167,NO,2019,69313.11669641042,1044.7890717104929,refreeze,refreeze,True,True
NO2019_4171,NO,2019,358344.28305140894,1125.7909306354918,refreeze,refreeze,False,False
NO2019_4172,NO,2019,4553470.4676060695,1213.2110858696287,buried,buried,True,True
NO2019_4173,NO,2019,64790.736487593145,1089.2155367699866,buried,buried,True,True
NO2019_4181,NO,2019,124585.05408337111,1238.0183441465238,buried,buried,True,True
NO2019_4182,NO,2019,182573.7338021201,737.9224916600011,drain,drain,True,True
NO2019_4191,NO,2019,810564.9535837513,1216.0922143561484,buried,buried,False,False
NO2019_4192,NO,2019,105568.12308814962,1008.0473434856173,buried,buried,True,True
NO2019_4193,NO,2019,196164.8306112409,559.9701842727454,drain_slow,drain,True,True
NO2019_4221,NO,2019,591272.9258953695,1101.957332605532,buried,buried,False,False
NO2019_4222,NO,2019,294956.8388949176,1092.4779968701096,buried,buried,False,False
NO2019_4241,NO,2019,1192966.7539329398,1091.2608394501733,buried,buried,False,False
NO2019_4247,NO,2019,631115.3988092995,1026.044164834179,refreeze,refreeze,False,False
NO2019_4261,NO,2019,157210.31763165418,848.0461597873737,buried,buried,True,True
NO2019_4262,NO,2019,113725.52881356828,1346.9135214007783,buried,buried,True,True
NO2019_4269,NO,2019,51198.27428735746,245.5421027098204,drain,drain,True,True
NO2019_4271,NO,2019,62072.24404754829,237.9272309899569,drain_slow,drain,True,True
NO2019_4272,NO,2019,149055.31556429493,908.5521784877321,buried,buried,True,True
NO2019_4277,NO,2019,186216.99045439862,873.8304876880331,refreeze,refreeze,True,True
NO2019_4281,NO,2019,201596.97339805623,881.3796184667751,drain_slow,drain,True,True
NO2019_4283,NO,2019,123663.70969291065,1125.2236914600553,buried,buried,True,False
NO2019_4291,NO,2019,84707.37623653175,1013.4006165280183,buried,buried,True,False
NO2019_4293,NO,2019,499471.7206293508,285.0280569785791,drain_slow,drain,True,False
NW2019_2525,NW,2019,100327.20373528078,302.5531382845712,drain,drain,False,False
NW2019_2526,NW,2019,260209.81314475837,1243.9040436411283,buried,buried,True,True
NW2019_2528,NW,2019,132013.53215091678,531.9570558787714,drain,drain,True,True
NW2019_2532,NW,2019,55222.79565886968,1231.7053180530513,refreeze,refreeze,True,True
NW2019_2536,NW,2019,1425631.6927303083,1092.0507971848426,buried,buried,False,False
NW2019_2538,NW,2019,204272.66585721084,801.8821385176184,drain_slow,drain,True,True
NW2019_2539,NW,2019,57508.53520778942,1143.7331511273997,drain,drain,False,False
NW2019_2540,NW,2019,412564.4381389471,1708.2859703065974,refreeze,refreeze,False,False
NW2019_2548,NW,2019,386833.05269704794,1043.9571013358664,refreeze,refreeze,True,True
NW2019_2549,NW,2019,635724.8236254163,937.4340406580146,drain_slow,drain,True,True
NW2019_2550,NW,2019,1242054.8698807373,232.94315273340177,buried,buried,False,False
NW2019_2554,NW,2019,72366.22194319974,261.8461765139235,drain,drain,False,False
NW2019_2557,NW,2019,71096.35471154016,1571.0657087262382,refreeze,refreeze,False,False
NW2019_2559,NW,2019,201948.57712496095,476.9837114601512,drain,drain,False,False
NW2019_2564,NW,2019,166284.36924412128,1038.6082326219248,drain,drain,True,True
NW2019_2566,NW,2019,58400.140404764636,920.9034821645228,drain_slow,drain,True,True
NW2019_2567,NW,2019,2754739.9421789693,1276.5438229829724,buried,buried,True,True
NW2019_2568,NW,2019,206406.60311002313,1380.0725451967387,refreeze,refreeze,True,True
NW2019_2569,NW,2019,151717.8736756894,933.8295489305633,refreeze,refreeze,False,False
NW2019_2574,NW,2019,584478.0692538036,195.08725618079785,refreeze,refreeze,False,False
NW2019_2576,NW,2019,93842.58088170753,527.2282575526394,drain_slow,drain,True,True
NW2019_2577,NW,2019,1552009.6452578928,844.3648480667487,refreeze,refreeze,False,False
NW2019_2579,NW,2019,216322.56907468327,1046.4013354021022,drain,drain,True,True
NW2019_2586,NW,2019,151127.0808948357,1360.0421567238216,refreeze,refreeze,True,True
NW2019_2597,NW,2019,878507.5412118156,1056.1049119718316,refreeze,refreeze,True,True
NW2019_2599,NW,2019,80433.60695823679,620.8688429678454,drain,drain,True,True
NW2019_2600,NW,2019,151127.08089480601,1583.0461344006737,buried,buried,False,False
NW2019_2611,NW,2019,315935.81508936104,951.3844943112827,refreeze,refreeze,True,True
NW2019_2618,NW,2019,347636.3935351533,1519.3444694734403,buried,buried,False,False
NW2019_2626,NW,2019,323956.3506773723,660.601457126432,drain_slow,drain,True,True
NW2019_2628,NW,2019,127538.3712543625,1369.9943743177807,refreeze,refreeze,False,False
NW2019_2631,NW,2019,84256.69111834874,734.7742360491309,drain,drain,False,False
NW2019_2636,NW,2019,99129.48684688692,1241.2430086438585,buried,buried,True,True
NW2019_2638,NW,2019,1424380.5821151792,718.4333677062372,buried,buried,True,True
NW2019_2639,NW,2019,81294.32841195949,1112.2767544458088,buried,buried,False,False
NW2019_2640,NW,2019,59819.54423149881,655.0304505253165,refreeze,refreeze,False,False
NW2019_2648,NW,2019,343538.23451173474,783.1523410567664,drain,drain,True,True
NW2019_2650,NW,2019,67102.06989336803,1230.8883346741757,buried,buried,True,True
NW2019_2655,NW,2019,426917.656687187,149.26302170844812,drain,drain,False,False
NW2019_2659,NW,2019,80202.50004373163,682.5461735595616,drain_slow,drain,True,True
NW2019_2660,NW,2019,996141.1989367343,787.638838942663,drain,drain,True,True
NW2019_2662,NW,2019,135783.4998880485,911.6878905634619,refreeze,refreeze,True,True
NW2019_2666,NW,2019,711711.3904520014,851.4586631396885,drain_slow,drain,True,True
NW2019_2669,NW,2019,115569.77498564174,1100.5055859870643,buried,buried,True,True
NW2019_2677,NW,2019,81088.71551381475,1125.5046800871908,refreeze,refreeze,True,True
NW2019_2678,NW,2019,70657.14644403062,1237.3284095507888,buried,buried,True,True
NW2019_2682,NW,2019,121854.6271382501,798.6612733028488,refreeze,refreeze,True,True
NW2019_2688,NW,2019,76232.2443451775,1599.1296867695185,refreeze,refreeze,False,False
NW2019_2689,NW,2019,363586.8866182885,611.670816354384,drain_slow,drain,True,True
NW2019_2690,NW,2019,338977.41731187917,1051.343877271097,refreeze,refreeze,True,True
NW2019_2696,NW,2019,395946.6508275442,982.0429753930508,drain,drain,True,True
NW2019_2698,NW,2019,957342.3855428443,1387.6625690234664,buried,buried,True,True
NW2019_2699,NW,2019,625176.6303809332,593.9604540313462,drain,drain,True,True
NW2019_2705,NW,2019,533508.4782007684,1007.7687552897758,refreeze,refreeze,True,True
NW2019_2708,NW,2019,395046.49320185435,553.729187915768,drain_slow,drain,False,False
NW2019_2709,NW,2019,424274.2037046428,566.1116752555549,drain,drain,True,True
NW2019_2710,NW,2019,102357.8867961212,733.5283170953952,refreeze,refreeze,True,True
NW2019_2714,NW,2019,194293.79421984532,769.6148436495839,refreeze,refreeze,False,False
NW2019_2716,NW,2019,182456.11685703826,225.77327783476693,drain,drain,True,True
NW2019_2718,NW,2019,274478.53469155997,1062.1072541285027,refreeze,refreeze,True,True
NW2019_2727,NW,2019,86246.99662625114,1134.3248775587099,drain,drain,True,True
NW2019_2736,NW,2019,606567.1875174403,292.3324205269545,drain,drain,True,True
NW2019_2739,NW,2019,182537.79224302768,1168.3937404962173,drain_slow,drain,True,True
NW2019_2744,NW,2019,78863.01398041175,499.1938111490329,drain,drain,True,True
NW2019_2748,NW,2019,68476.26661707912,394.65114713346094,drain,drain,True,True
NW2019_2750,NW,2019,112429.2959140696,1479.1444416195257,buried,buried,True,True
NW2019_2755,NW,2019,354663.27516319184,851.6969611986932,drain,drain,True,True
NW2019_2759,NW,2019,67702.51539049008,1545.637924518115,refreeze,refreeze,True,True
NW2019_2761,NW,2019,928292.572383768,750.6862025040914,drain,drain,True,True
NW2019_2768,NW,2019,113812.05977676522,1250.5937757234226,buried,buried,True,True
NW2019_2769,NW,2019,1551266.3252791304,808.9607760625963,drain,drain,True,True
NW2019_2774,NW,2019,222455.49665638976,781.9932039616714,drain,drain,False,False
NW2019_2781,NW,2019,69406.07279206529,1227.635432667691,refreeze,refreeze,True,True
NW2019_2782,NW,2019,744275.6281064224,446.9049993718171,drain,drain,True,True
NW2019_2788,NW,2019,69768.37730630205,865.0314141465653,drain_slow,drain,False,False
NW2019_2789,NW,2019,155949.1749408114,204.68262293580082,drain,drain,True,True
NW2019_2792,NW,2019,54822.895411493715,768.8496952405654,drain,drain,False,False
NW2019_2828,NW,2019,155697.02296859972,852.6337814894686,drain_slow,drain,True,True
NW2019_2829,NW,2019,1069662.0724061888,1327.5629199631715,buried,buried,True,True
NW2019_2831,NW,2019,433966.86464079126,977.1846977811781,refreeze,refreeze,True,True
NW2019_2835,NW,2019,1347877.9964426917,1144.818660828334,drain,drain,True,True
NW2019_2836,NW,2019,550566.2091596207,1387.4323514951056,drain,drain,True,True
NW2019_2842,NW,2019,185482.28427788822,956.3020892151322,drain,drain,True,True
NW2019_2849,NW,2019,50666.182166131744,1295.8404278074865,buried,buried,True,True
NW2019_2860,NW,2019,296507.3095463856,1009.2277133875655,refreeze,refreeze,True,True
NW2019_2868,NW,2019,507769.15970258863,1148.560826165149,drain_slow,drain,True,True
NW2019_2878,NW,2019,138375.62940306446,755.6750238346775,drain_slow,drain,True,True
NW2019_2882,NW,2019,146668.66030092022,606.795376385174,drain,drain,True,True
NW2019_2889,NW,2019,1433583.775305111,1124.9260901809923,refreeze,refreeze,False,False
NW2019_2890,NW,2019,77543.85363341984,419.02368311712297,drain,drain,True,True
NW2019_2894,NW,2019,344148.4625463533,861.6126558901038,drain,drain,True,True
NW2019_2900,NW,2019,189144.58297629148,927.8159637974194,refreeze,refreeze,True,True
NW2019_2909,NW,2019,203064.00460417068,1030.7536720024996,buried,buried,True,True
NW2019_2918,NW,2019,186363.43527207777,813.731928798039,buried,buried,True,True
NW2019_2928,NW,2019,237948.85372087624,1407.2250902527073,buried,buried,True,True
NW2019_2940,NW,2019,223769.40619926434,1070.9291287386216,drain,drain,True,True
NW2019_2958,NW,2019,70748.03715851305,999.549784417928,drain_slow,drain,True,True
NW2019_2959,NW,2019,90497.92749750016,1147.868929918602,refreeze,refreeze,True,True
NW2019_2998,NW,2019,127171.91995882774,1450.4029138477947,buried,buried,True,True
NW2019_2999,NW,2019,278577.56980057695,384.6300031918291,drain,drain,True,False
NW2019_3009,NW,2019,211365.25387094496,1169.3264060310898,buried,buried,False,False
NW2019_3010,NW,2019,130620.16136334254,1386.0105222985503,drain,drain,False,False
NW2019_3028,NW,2019,90497.92749747058,1287.7986127532124,refreeze,refreeze,True,True
NW2019_3038,NW,2019,101764.06626216868,829.5006693440426,drain_slow,drain,True,True
NW2019_3039,NW,2019,318585.88161445357,650.7968091952982,refreeze,refreeze,False,False
NW2019_3061,NW,2019,119395.95971332671,545.8204713562724,refreeze,refreeze,False,False
NW2019_3069,NW,2019,164784.82224618262,167.6891654978962,refreeze,refreeze,False,False
NW2019_3078,NW,2019,91689.31037529744,386.55015491866743,drain,drain,False,False
NW2019_3080,NW,2019,105655.21584675275,1471.963580075135,refreeze,refreeze,True,True
NW2019_3098,NW,2019,296614.4415030557,1200.5314870199788,buried,buried,True,True
NW2019_3099,NW,2019,76428.3491919321,418.01119576326283,drain,drain,True,True
NW2019_3101,NW,2019,159534.06021012756,1013.0252778773742,refreeze,refreeze,True,True
NW2019_3121,NW,2019,637051.9132703407,1474.476532011982,refreeze,refreeze,True,True
NW2019_3128,NW,2019,53083.284954083254,184.39687960358907,drain_slow,drain,True,True
NW2019_3140,NW,2019,129088.62064947771,1184.7929562433294,buried,buried,True,True
NW2019_3149,NW,2019,192531.49223145528,618.0036149268672,drain_slow,drain,True,True
NW2019_3159,NW,2019,1209379.7395317308,1164.4729461015172,refreeze,refreeze,True,True
NW2019_3170,NW,2019,603527.0750495968,1065.520709557977,refreeze,refreeze,True,True
NW2019_3171,NW,2019,1220761.8100576755,975.1754005597523,refreeze,refreeze,True,True
NW2019_3180,NW,2019,258442.6836837203,1044.0290171083525,buried,buried,False,False
NW2019_3188,NW,2019,150236.2445101337,1311.753028263795,buried,buried,False,False
NW2019_3189,NW,2019,292894.21286686684,966.9948440287943,refreeze,refreeze,True,True
NW2019_3200,NW,2019,340564.859256113,598.6476686648039,drain,drain,True,True
NW2019_3209,NW,2019,824728.0004165064,1053.2220276987525,drain_slow,drain,True,True
NW2019_3219,NW,2019,399240.069278369,1252.2731461320054,refreeze,refreeze,True,True
NW2019_3238,NW,2019,322585.45781972504,448.9059647157657,drain_slow,drain,True,True
NW2019_3248,NW,2019,198069.1575665673,1129.3463278931752,buried,buried,False,False
NW2019_3249,NW,2019,528632.8490788243,1123.8756241974595,buried,buried,False,False
NW2019_3278,NW,2019,110013.35879037049,831.9553835647621,refreeze,refreeze,False,False
NW2019_3280,NW,2019,412833.2644433784,1129.0107305244017,buried,buried,True,True
NW2019_3298,NW,2019,287516.8160332402,1046.1007888251834,refreeze,refreeze,False,False
NW2019_3299,NW,2019,59819.54423152047,396.3280413842312,drain,drain,True,True
NW2019_3318,NW,2019,114421.63260523508,1426.6585272431296,buried,buried,True,True
NW2019_3350,NW,2019,294668.8376359161,214.7605118386933,drain,drain,True,True
NW2019_3359,NW,2019,409278.18789267214,859.1929390951426,refreeze,refreeze,False,False
NW2019_3360,NW,2019,226428.05260961343,518.3881045793671,drain,drain,True,True
NW2019_3361,NW,2019,167051.61611310978,1125.6726564380926,refreeze,refreeze,True,True
NW2019_3390,NW,2019,60358.843102298335,1230.815287001897,buried,buried,True,False
NW2019_3409,NW,2019,123479.49342570396,1150.3993107714064,buried,buried,True,True
NW2019_3410,NW,2019,83594.28900604264,805.7204968944098,buried,buried,True,True
NW2019_3421,NW,2019,1058163.3652880702,1057.988443389563,refreeze,refreeze,True,True
NW2019_3438,NW,2019,1037243.4826967379,1248.9148397800066,buried,buried,True,True
NW2019_3440,NW,2019,143046.2379312431,1655.2452039416253,buried,buried,True,True
NW2019_3478,NW,2019,181441.65759342094,1178.0699311701078,drain_slow,drain,True,True
NW2019_3509,NW,2019,128558.66829393411,1030.0210149353172,refreeze,refreeze,False,False
NW2019_3518,NW,2019,166286.61282887278,276.26251018395436,buried,buried,False,False
NW2019_3520,NW,2019,102357.88679620609,1177.096767218077,buried,buried,True,True
NW2019_3529,NW,2019,235470.00068955842,1259.8579954629192,buried,buried,True,True
NW2019_3530,NW,2019,681760.8130274108,1087.9309290028245,refreeze,refreeze,True,True
NW2019_3538,NW,2019,424054.10244105716,444.5520131968759,drain,drain,True,True
NW2019_3550,NW,2019,169310.52072433374,689.5648229257911,buried,buried,True,True
NW2019_3559,NW,2019,159961.89235240218,1503.9109063667058,drain_slow,drain,False,False
NW2019_3560,NW,2019,54928.60027837566,1059.040515177011,buried,buried,True,True
SE2019_5855,SE,2019,63861.00353373125,1799.4650363441706,buried,buried,True,True
SE2019_5857,SE,2019,193402.37355001082,1413.789731552375,drain_slow,drain,True,True
SE2019_5858,SE,2019,437986.17148201464,1444.705358536444,drain_slow,drain,True,True
SE2019_5864,SE,2019,76071.69767703576,1539.6907454528316,drain_slow,drain,True,True
SE2019_5865,SE,2019,142023.99072652074,1523.9356407905461,drain_slow,drain,True,True
SE2019_5866,SE,2019,189034.99243561205,1521.3910241478363,drain_slow,drain,True,True
SE2019_5869,SE,2019,52136.481758570015,1538.6588975724464,drain_slow,drain,True,True
SE2019_5872,SE,2019,415868.35096263484,1537.1960700078184,drain_slow,drain,True,True
SE2019_5874,SE,2019,700687.287779353,1448.311468166298,drain_slow,drain,True,True
SE2019_5875,SE,2019,252283.65823721405,1463.6395088977802,drain_slow,drain,False,False
SE2019_5878,SE,2019,161885.5360445423,1478.330013660599,drain,drain,False,False
SE2019_5879,SE,2019,123487.73480838492,1875.2902063834174,buried,buried,False,False
SE2019_5881,SE,2019,52126.72386431288,1704.940882312646,buried,buried,True,True
SE2019_5882,SE,2019,4632145.373057258,1425.7905608460153,refreeze,refreeze,True,True
SE2019_5884,SE,2019,336515.78457849944,1625.393928178664,drain_slow,drain,True,True
SE2019_5885,SE,2019,98883.70304303353,1492.001703145382,refreeze,refreeze,True,True
SE2019_5887,SE,2019,375497.4516468283,1516.5058067821697,drain_slow,drain,True,True
SE2019_5888,SE,2019,82875.73795010425,1521.3900106723588,drain_slow,drain,True,False
SE2019_5892,SE,2019,639968.7800933338,1646.9445172971932,drain,drain,True,True
SE2019_5893,SE,2019,94659.21800391938,1627.4338704199836,drain_slow,drain,False,False
SE2019_5895,SE,2019,131798.2413355419,1595.4302265354524,refreeze,refreeze,False,False
SE2019_5896,SE,2019,91941.72849184826,1562.5140372767676,drain_slow,drain,True,True
SE2019_5898,SE,2019,66578.4930458286,1718.8498672590338,drain,drain,True,True
SE2019_5902,SE,2019,149917.12998387142,1475.7122312608942,refreeze,refreeze,False,False
SE2019_5903,SE,2019,206985.28218320236,1450.9062089959587,drain_slow,drain,True,True
SE2019_5907,SE,2019,168939.84738358116,1260.6834237416435,drain_slow,drain,True,True
SE2019_5908,SE,2019,517689.6663793219,1276.5763370679083,buried,buried,False,False
SE2019_5910,SE,2019,692517.497720003,1262.1884510558095,refreeze,refreeze,True,True
SE2019_5913,SE,2019,324744.9613245202,1092.180127506358,drain_slow,drain,True,True
SE2019_5918,SE,2019,235972.28012577753,1654.449970285573,refreeze,refreeze,False,False
SE2019_5921,SE,2019,154446.34841239348,1646.5588892435371,refreeze,refreeze,True,True
SE2019_5923,SE,2019,226007.99958289124,1785.071071039459,drain,drain,True,True
SE2019_5924,SE,2019,179809.97161202767,1862.7483709472344,refreeze,refreeze,False,False
SE2019_5925,SE,2019,60238.605099260734,1717.8159867760792,buried,buried,True,True
SE2019_5926,SE,2019,197021.001640437,1949.8186657974784,buried,buried,True,True
SE2019_5927,SE,2019,1227418.1941275683,1747.8667417237566,refreeze,refreeze,True,True
SE2019_5928,SE,2019,347391.0534671304,1696.0398237004147,buried,buried,True,True
SE2019_5929,SE,2019,447939.70258009486,1739.5332266827184,buried,buried,True,True
SE2019_5936,SE,2019,121835.97572709282,1616.175404113006,refreeze,refreeze,False,False
SE2019_5942,SE,2019,97378.19621315188,2012.0765838600614,buried,buried,True,True
SE2019_5943,SE,2019,109154.16412719518,1773.3836146157616,refreeze,refreeze,False,False
SE2019_5944,SE,2019,343767.67872434185,1781.6836594737788,buried,buried,True,True
SE2019_5945,SE,2019,536712.3837791102,1669.2727111484833,buried,buried,True,True
SE2019_5946,SE,2019,103719.10201295707,1740.223865639147,buried,buried,True,True
SE2019_5947,SE,2019,472397.482094218,1605.5812051585438,buried,buried,True,True
SE2019_5948,SE,2019,54803.54298504018,616.5299481729321,drain,drain,True,True
SE2019_5949,SE,2019,406264.68205507495,1922.3187502302114,buried,buried,True,True
SE2019_5953,SE,2019,295753.44189740485,1677.17081195217,drain_slow,drain,True,True
SE2019_5954,SE,2019,51186.687658584524,1936.7138480818771,buried,buried,True,True
SE2019_5955,SE,2019,57520.19467225825,1848.914113853404,refreeze,refreeze,True,True
SE2019_5956,SE,2019,402641.362705524,1844.7262930651552,buried,buried,True,True
SE2019_5958,SE,2019,668955.3348889613,1638.7804270211989,drain_slow,drain,True,True
SE2019_5963,SE,2019,187959.6912518005,1845.3098253566184,buried,buried,True,True
SE2019_5966,SE,2019,52085.21564813009,2100.9538893069716,buried,buried,True,True
SE2019_5968,SE,2019,3002372.9959227717,1709.9016166041765,drain,drain,True,True
SE2019_5969,SE,2019,657632.461921924,1725.099219648111,buried,buried,True,True
SE2019_5971,SE,2019,62955.17369639347,1751.2207955258805,refreeze,refreeze,True,True
SE2019_5972,SE,2019,75636.79141937263,1649.0529922553385,refreeze,refreeze,True,True
SE2019_5973,SE,2019,444309.53522398433,1653.1774715965732,buried,buried,False,False
SE2019_5974,SE,2019,105529.17605222127,1749.3889802068347,buried,buried,False,False
SE2019_5976,SE,2019,293941.7822226378,1643.1611419835472,drain_slow,drain,True,True
SE2019_5978,SE,2019,417134.64010335924,1673.4880031093444,drain_slow,drain,True,True
SE2019_5983,SE,2019,368219.8288860723,1764.0715891541054,refreeze,refreeze,True,True
SE2019_5984,SE,2019,98282.53735331072,1757.8352065391903,buried,buried,False,False
SE2019_5991,SE,2019,1179843.3631586258,1799.1338582677158,refreeze,refreeze,True,True
SE2019_5993,SE,2019,322928.3370181018,1752.0143535844709,buried,buried,True,True
SE2019_5994,SE,2019,258614.4185655967,1748.5851076956806,buried,buried,True,True
SE2019_5995,SE,2019,272201.86612599937,1555.6755665621897,drain_slow,drain,True,True
SE2019_5996,SE,2019,361879.0200245104,1608.1762703838522,drain_slow,drain,True,True
SE2019_6005,SE,2019,141764.53681246258,736.0094689890611,refreeze,refreeze,False,False
SE2019_6006,SE,2019,74101.56139979289,1403.9635800999765,drain_slow,drain,False,False
SE2019_6018,SE,2019,91517.7780746229,1770.2672600527744,drain,drain,True,True
SE2019_6019,SE,2019,63861.00353373477,2002.4241418120416,buried,buried,True,True
SE2019_6021,SE,2019,306628.08761041384,1364.778896802654,refreeze,refreeze,True,True
SE2019_6028,SE,2019,131800.25626976718,1325.7467950466419,buried,buried,False,False
SE2019_6029,SE,2019,226007.99958293673,1365.6329210155368,drain_slow,drain,True,True
SE2019_6031,SE,2019,514066.2916365296,1396.8654250694178,buried,buried,False,False
SE2019_6038,SE,2019,123697.73440297238,766.2141829275313,drain_slow,drain,False,False
SE2019_6041,SE,2019,116206.65777539476,1470.025279503105,buried,buried,False,False
SE2019_6045,SE,2019,222344.1435105429,1046.7644272390185,drain,drain,False,False
SE2019_6049,SE,2019,139030.20241240613,782.3939306811651,buried,buried,False,False
SE2019_6054,SE,2019,186112.02945314322,1336.590131401488,refreeze,refreeze,True,True
SE2019_6058,SE,2019,92843.15254027616,1322.6921919604963,buried,buried,True,True
SE2019_6059,SE,2019,368203.4776606746,1107.1383639282735,drain_slow,drain,True,True
SE2019_6071,SE,2019,165312.63837834075,1081.9055902755415,drain_slow,drain,False,False
SE2019_6084,SE,2019,61140.63379404262,812.8907865690716,refreeze,refreeze,False,False
SE2019_6089,SE,2019,103715.22831045988,1306.914712446351,drain,drain,True,True
SE2019_6091,SE,2019,81789.73683260889,1332.309732178196,drain,drain,True,True
SE2019_6096,SE,2019,101903.60860199932,1171.9009546539382,drain_slow,drain,False,False
SE2019_6099,SE,2019,51181.42438206516,970.7847192908399,drain_slow,drain,True,True
SE2019_6104,SE,2019,563901.5341210309,979.6050103190985,drain_slow,drain,False,False
SE2019_6133,SE,2019,802144.2706251772,1337.5841759096065,refreeze,refreeze,True,True
SW2019_0,SW,2019,132795.22036971897,973.0065984379208,drain,drain,True,True
SW2019_100,SW,2019,229276.2576812362,1737.2815235134085,buried,buried,True,True
SW2019_1021,SW,2019,91440.30745172004,1372.063850488506,refreeze,refreeze,True,True
SW2019_1025,SW,2019,69491.97913230832,1741.976022494887,buried,buried,True,True
SW2019_103,SW,2019,194198.45259712692,1034.917910036888,drain,drain,True,True
SW2019_1033,SW,2019,287186.89526311564,1434.654256392154,refreeze,refreeze,True,True
SW2019_105,SW,2019,311764.5989856433,1491.7606133555432,drain_slow,drain,True,True
SW2019_1050,SW,2019,814691.7844823803,1027.4333002536118,drain_slow,drain,True,True
SW2019_1058,SW,2019,336601.4375163122,1104.0003173864282,refreeze,refreeze,True,True
SW2019_1060,SW,2019,70579.39197414253,1353.9905160671944,drain_slow,drain,False,False
SW2019_1062,SW,2019,179166.39517774948,1726.9291894579812,drain,drain,True,True
SW2019_1063,SW,2019,179166.39517774948,1069.7437196959113,drain,drain,True,True
SW2019_1067,SW,2019,234379.95015672367,965.4513263474436,drain_slow,drain,False,False
SW2019_1068,SW,2019,1557242.22087453,1144.0587448018757,drain,drain,True,True
SW2019_107,SW,2019,960812.4767921888,1172.475344999499,drain,drain,True,True
SW2019_1070,SW,2019,160365.16231489702,1718.6615455381784,buried,buried,True,True
SW2019_1079,SW,2019,582185.274077496,1684.0320770936087,refreeze,refreeze,True,True
SW2019_108,SW,2019,87764.3151924017,1084.3402366863909,drain_slow,drain,True,True
SW2019_1081,SW,2019,116958.83114331105,977.1304094999078,drain,drain,True,True
SW2019_1082,SW,2019,137886.89160531538,1378.9367463617464,drain_slow,drain,True,True
SW2019_1090,SW,2019,110486.80096143378,1731.2642631000833,drain_slow,drain,False,False
SW2019_1100,SW,2019,255021.96299365704,943.4274249186885,drain,drain,False,False
SW2019_1120,SW,2019,199408.58087990983,1187.742795260087,drain_slow,drain,True,True
SW2019_1128,SW,2019,73503.77135085591,1426.225740352246,refreeze,refreeze,True,True
SW2019_1130,SW,2019,168915.5314868148,1221.0849056603777,drain,drain,True,True
SW2019_1140,SW,2019,92183.2376244208,1642.8067456700091,drain_slow,drain,True,True
SW2019_1144,SW,2019,123430.86132518483,1518.3101046346828,buried,buried,True,True
SW2019_1149,SW,2019,692738.0248324203,1528.7276865065915,buried,buried,True,True
SW2019_1151,SW,2019,79892.13927455156,1905.2622093023267,buried,buried,True,True
SW2019_116,SW,2019,528989.9635987007,1354.1343721998778,drain,drain,False,False
SW2019_1170,SW,2019,335367.4455537166,1409.584030483002,drain_slow,drain,False,False
SW2019_118,SW,2019,413089.6301465345,1086.2490479947844,drain,drain,True,True
SW2019_1190,SW,2019,480176.4888798413,833.1511339699739,drain,drain,True,True
SW2019_12,SW,2019,182002.80248925096,1811.177781321001,buried,buried,True,True
SW2019_120,SW,2019,493120.9174361241,1365.1890420899847,drain_slow,drain,True,True
SW2019_1206,SW,2019,424988.3621763109,1976.9701748454395,buried,buried,True,True
SW2019_1210,SW,2019,358868.7443207174,1063.9985730565331,drain_slow,drain,True,True
SW2019_1220,SW,2019,184400.79480460886,939.8179541780044,drain,drain,True,True
SW2019_1227,SW,2019,109505.56648747552,1540.8336554525504,refreeze,refreeze,True,True
SW2019_1230,SW,2019,189566.55531997836,1803.8379427921946,buried,buried,True,True
SW2019_124,SW,2019,61454.361264702085,680.0728132387706,drain,drain,False,False
SW2019_1243,SW,2019,110739.26681344888,1755.5168095777376,refreeze,refreeze,True,True
SW2019_1248,SW,2019,109201.68149354986,1820.2600777641164,refreeze,refreeze,True,True
SW2019_1249,SW,2019,243625.7075594054,850.5473630387145,drain,drain,False,False
SW2019_1255,SW,2019,89150.83314847508,959.9507104439273,drain_slow,drain,False,False
SW2019_1256,SW,2019,552777.336002434,1257.1809972567369,drain_slow,drain,True,True
SW2019_1259,SW,2019,119010.24939697915,821.2474499774328,drain,drain,True,True
SW2019_1260,SW,2019,116385.88477872992,1275.0472699386505,refreeze,refreeze,True,True
SW2019_1270,SW,2019,302798.5549362426,993.1484754436253,drain_slow,drain,True,True
SW2019_128,SW,2019,94074.17583209682,1167.368580403437,drain,drain,True,True
SW2019_1280,SW,2019,428617.89695635193,1326.36074527778,drain,drain,True,True
SW2019_13,SW,2019,67956.31690933931,1621.4778409980693,buried,buried,True,True
SW2019_130,SW,2019,329495.9826885475,1877.7129129992484,buried,buried,True,True
SW2019_1337,SW,2019,591375.2547257505,1696.492653654989,buried,buried,True,True
SW2019_1340,SW,2019,71382.91733995033,1955.9237271280833,buried,buried,True,True
SW2019_1350,SW,2019,1571946.1899121334,1289.9195711010614,drain,drain,True,True
SW2019_1359,SW,2019,1006400.6932765808,1454.917038260586,buried,buried,True,True
SW2019_1360,SW,2019,400105.6922514869,1411.246409413394,drain_slow,drain,True,True
SW2019_137,SW,2019,61113.37131201493,831.4897935446351,drain,drain,False,False
SW2019_1380,SW,2019,736899.6632187336,1446.5814670510608,refreeze,refreeze,True,True
SW2019_1383,SW,2019,179166.3951778479,2118.332614598307,buried,buried,True,True
SW2019_1390,SW,2019,460901.00652110437,1544.8213572698626,drain_slow,drain,True,True
SW2019_1397,SW,2019,233909.01753480668,1277.589277217541,refreeze,refreeze,True,True
SW2019_140,SW,2019,79927.65581193975,1428.3298343520241,drain_slow,drain,True,True
SW2019_1400,SW,2019,1360487.3449789234,1245.3549555655384,drain_slow,drain,False,False
SW2019_1410,SW,2019,457554.50388194504,1437.0337676739675,drain_slow,drain,False,False
SW2019_1420,SW,2019,120125.19031380463,1438.6622380740075,drain_slow,drain,True,True
SW2019_1431,SW,2019,1843969.61710548,1696.626659369444,refreeze,refreeze,False,False
SW2019_1433,SW,2019,63333.43820804718,1022.4755154639174,drain_slow,drain,True,True
SW2019_1440,SW,2019,61231.1281366906,1443.2642405980182,drain_slow,drain,True,True
SW2019_1444,SW,2019,913943.5754852577,1436.5835958626155,drain_slow,drain,True,True
SW2019_1447,SW,2019,59635.135246952894,1239.5336504161712,drain,drain,True,True
SW2019_1470,SW,2019,74898.34228460479,691.7286195286194,drain_slow,drain,True,True
SW2019_1480,SW,2019,3885878.0167839495,1473.0939571116728,drain_slow,drain,True,True
SW2019_15,SW,2019,529935.4327024225,1181.827802205236,drain,drain,True,True
SW2019_150,SW,2019,395898.973524423,1354.429794345666,drain_slow,drain,True,True
SW2019_1500,SW,2019,745670.3345223065,1646.6568431760165,drain_slow,drain,True,True
SW2019_151,SW,2019,62951.36744171029,1635.4893301380803,refreeze,refreeze,False,False
SW2019_1518,SW,2019,62165.95452035962,1341.095821533838,drain_slow,drain,False,False
SW2019_1520,SW,2019,60982.75719768739,1569.476701030927,drain_slow,drain,True,True
SW2019_158,SW,2019,73273.85554768186,1399.4588987979832,drain,drain,False,False
SW2019_16,SW,2019,64585.74507298695,1014.4470020211093,drain,drain,True,True
SW2019_168,SW,2019,7590924.01559475,1584.7863564283148,drain,drain,True,True
SW2019_169,SW,2019,195287.08877889157,736.167425364266,drain,drain,True,True
SW2019_175,SW,2019,402442.7582108695,1418.6719532258917,drain,drain,True,True
SW2019_178,SW,2019,68465.35583072575,843.5048721709974,drain,drain,False,False
SW2019_189,SW,2019,438821.57596209843,915.7675730639288,drain,drain,True,True
SW2019_19,SW,2019,136286.44016972938,2024.95982553404,buried,buried,True,True
SW2019_192,SW,2019,150974.4609780396,922.8483018867929,drain_slow,drain,True,True
SW2019_193,SW,2019,70295.11124543895,1262.02483653505,drain_slow,drain,True,True
SW2019_20,SW,2019,180583.11974143994,1273.604383561644,drain_slow,drain,True,True
SW2019_208,SW,2019,173231.13522267446,1038.6859432975948,drain,drain,False,False
SW2019_21,SW,2019,257778.9571881966,1142.1069523197677,drain,drain,True,True
SW2019_210,SW,2019,536235.3708350701,1282.8098598642305,drain_slow,drain,True,True
SW2019_213,SW,2019,2242652.714309471,1607.687095882148,drain,drain,True,True
SW2019_214,SW,2019,683403.5571064397,1414.5754817040836,drain,drain,True,True
SW2019_216,SW,2019,78462.95577960889,1422.1196075734658,refreeze,refreeze,True,True
SW2019_218,SW,2019,91335.82481549736,2011.854995791751,buried,buried,True,True
SW2019_222,SW,2019,15255.499714303367,1773.180343069078,refreeze,refreeze,True,True
SW2019_223,SW,2019,2109560.057844657,1432.1916224834229,buried,buried,True,True
SW2019_229,SW,2019,242155.99008586374,1157.287209939433,drain,drain,True,True
SW2019_230,SW,2019,116253.25520248024,1349.8225955325822,refreeze,refreeze,True,True
SW2019_235,SW,2019,57105.33808109566,1728.3563511830628,refreeze,refreeze,True,True
SW2019_236,SW,2019,210910.05588127044,1282.7974410359188,drain,drain,False,False
SW2019_237,SW,2019,340488.7830238962,1797.170620119817,refreeze,refreeze,True,True
SW2019_240,SW,2019,80900.37727301255,1044.0977282850777,drain,drain,True,True
SW2019_241,SW,2019,512150.0962167555,1933.856088955413,buried,buried,False,False
SW2019_249,SW,2019,901077.6025774529,1228.8538407732417,refreeze,refreeze,True,True
SW2019_25,SW,2019,372141.7354559007,954.3639258555136,drain,drain,True,True
SW2019_262,SW,2019,336114.26641521126,1071.674396557234,drain,drain,True,True
SW2019_266,SW,2019,101637.92866282605,1690.0819683805732,drain,drain,True,True
SW2019_270,SW,2019,330101.5476883677,1454.352957878757,drain_slow,drain,True,True
SW2019_272,SW,2019,195239.36994307625,1296.7136489843638,drain,drain,True,True
SW2019_280,SW,2019,176907.12748205807,947.3666539104514,drain,drain,True,True
SW2019_281,SW,2019,144430.67629165348,1365.6694665378234,drain,drain,False,False
SW2019_282,SW,2019,121940.49909937827,1929.445427470217,buried,buried,False,False
SW2019_284,SW,2019,60092.70670311189,707.3707462686567,drain,drain,True,True
SW2019_290,SW,2019,80900.37727300897,1800.4465006878809,refreeze,refreeze,True,True
SW2019_292,SW,2019,168636.14489852785,1407.779389959754,drain_slow,drain,False,False
SW2019_293,SW,2019,165961.34537724557,1772.4053118781917,drain_slow,drain,True,True
SW2019_294,SW,2019,91237.76852057205,1283.8973093643517,drain,drain,True,True
SW2019_299,SW,2019,82115.56089491845,719.7280083985828,drain_slow,drain,True,True
SW2019_3,SW,2019,531598.1323533356,1327.5982467235401,drain,drain,True,True
SW2019_300,SW,2019,122686.24165641221,1673.056693444533,refreeze,refreeze,True,True
SW2019_305,SW,2019,389195.6804605902,1047.4291032859132,drain,drain,True,True
SW2019_308,SW,2019,98792.29197046613,1636.8319988458481,refreeze,refreeze,True,True
SW2019_309,SW,2019,79051.22579256898,864.8804577069777,drain,drain,False,False
SW2019_310,SW,2019,71222.3500251629,1387.0534031941156,refreeze,refreeze,True,True
SW2019_311,SW,2019,64970.43367160339,1185.1562363715664,drain_slow,drain,True,True
SW2019_312,SW,2019,149318.98205243214,1477.0303380247803,refreeze,refreeze,True,True
SW2019_318,SW,2019,105225.27842440167,1802.1758303933964,refreeze,refreeze,False,False
SW2019_32,SW,2019,307937.88649651443,1480.756537623004,drain,drain,True,True
SW2019_323,SW,2019,223331.12366964834,1572.8555912278182,drain,drain,True,True
SW2019_330,SW,2019,2477159.2837814363,1552.8546508696766,drain,drain,True,True
SW2019_337,SW,2019,1100758.0668833395,1526.3891149857125,drain,drain,True,True
SW2019_338,SW,2019,240317.99395615782,833.8390299989553,drain,drain,True,True
SW2019_340,SW,2019,133173.4532289895,1418.040130532107,drain_slow,drain,True,True
SW2019_343,SW,2019,210910.05588122632,1674.3293849348177,refreeze,refreeze,True,True
SW2019_347,SW,2019,194368.09071406155,1785.6842249908398,refreeze,refreeze,True,True
SW2019_350,SW,2019,289309.81158835057,1699.1707652814462,refreeze,refreeze,False,False
SW2019_353,SW,2019,104306.28035958574,773.2017294032871,drain,drain,True,True
SW2019_359,SW,2019,111420.1423142338,1754.913586413584,refreeze,refreeze,False,False
SW2019_368,SW,2019,530669.5766635613,1437.2264120298319,refreeze,refreeze,True,True
SW2019_37,SW,2019,108550.95410015817,1982.5651557606723,refreeze,refreeze,True,True
SW2019_370,SW,2019,372987.56146507344,1766.2943724599565,refreeze,refreeze,True,True
SW2019_382,SW,2019,67956.31690939241,1426.349313280067,drain_slow,drain,False,False
SW2019_386,SW,2019,71222.35002522642,1143.5013705457266,drain,drain,True,True
SW2019_389,SW,2019,217930.62843532316,1974.1303688565108,buried,buried,True,True
SW2019_390,SW,2019,1241106.8865689796,1086.6011341562757,drain,drain,True,True
SW2019_394,SW,2019,833071.7457791945,1165.2803727833625,drain,drain,True,True
SW2019_4,SW,2019,86471.44049824402,1973.2009220763177,buried,buried,True,True
SW2019_400,SW,2019,317818.70326480677,1111.829489044353,drain,drain,True,True
SW2019_403,SW,2019,141347.6310241392,1881.3017853026302,buried,buried,True,True
SW2019_407,SW,2019,506411.71978865983,1355.355748483416,refreeze,refreeze,True,True
SW2019_420,SW,2019,118255.5375462744,1543.1039562034966,drain,drain,False,False
SW2019_422,SW,2019,183893.7406969986,1154.264521634569,drain_slow,drain,True,True
SW2019_435,SW,2019,193449.0926492385,1639.1028641648545,buried,buried,True,True
SW2019_450,SW,2019,140691.37075659115,1242.9942296448817,drain_slow,drain,False,False
SW2019_451,SW,2019,64970.43367159982,1636.8035318866246,drain,drain,False,False
SW2019_455,SW,2019,221019.03459437418,1583.8101614235054,drain_slow,drain,True,True
SW2019_459,SW,2019,115245.72659963855,1229.207287172961,refreeze,refreeze,True,True
SW2019_460,SW,2019,679319.5511092634,1690.6831158304292,drain_slow,drain,True,True
SW2019_465,SW,2019,526545.8840799127,1661.7184034145862,buried,buried,True,True
SW2019_467,SW,2019,245474.8590397411,1627.6105351924293,drain_slow,drain,True,True
SW2019_469,SW,2019,527045.3901868258,1032.453521126762,refreeze,refreeze,True,True
SW2019_470,SW,2019,191457.49352782452,1246.3788803836574,drain_slow,drain,False,False
SW2019_475,SW,2019,85926.31906268864,1716.290396633082,refreeze,refreeze,False,False
SW2019_481,SW,2019,139278.80595770717,1806.8891838259942,buried,buried,True,True
SW2019_49,SW,2019,251946.8892216909,1438.305850726944,drain,drain,True,True
SW2019_497,SW,2019,536716.2172227302,1404.6735280451378,refreeze,refreeze,True,True
SW2019_498,SW,2019,136471.2126290003,867.9922063608693,drain,drain,False,False
SW2019_50,SW,2019,181823.73164227634,1843.0024858026306,buried,buried,True,True
SW2019_500,SW,2019,153675.96664536247,1099.767574355278,drain,drain,True,True
SW2019_508,SW,2019,59275.37518217664,1437.9354174239666,refreeze,refreeze,True,True
SW2019_520,SW,2019,2320706.4976970367,1638.3821884996412,drain,drain,True,True
SW2019_540,SW,2019,232047.01137257632,1033.714598968467,drain_slow,drain,True,True
SW2019_56,SW,2019,109507.35017152519,1934.119836346839,buried,buried,True,True
SW2019_575,SW,2019,149337.1855367972,1104.8492249545498,drain_slow,drain,True,True
SW2019_577,SW,2019,58356.37711746131,1418.4896308459524,drain_slow,drain,True,True
SW2019_578,SW,2019,100630.28810011738,870.1164776754073,drain,drain,True,True
SW2019_580,SW,2019,178367.86730992337,1309.9623102495298,refreeze,refreeze,True,True
SW2019_59,SW,2019,793748.2730159474,1504.472378727497,refreeze,refreeze,False,False
SW2019_590,SW,2019,84619.48479376135,1248.6396150289988,drain_slow,drain,True,True
SW2019_596,SW,2019,54036.3780322045,1796.3703331322474,buried,buried,True,True
SW2019_60,SW,2019,117710.90342807413,1300.3879922334806,drain,drain,True,True
SW2019_608,SW,2019,165929.8277240351,1821.78645365055,buried,buried,True,True
SW2019_610,SW,2019,2867733.4613392837,1237.142461243176,buried,buried,True,True
SW2019_611,SW,2019,55599.38292284944,1704.4289830942623,refreeze,refreeze,True,True
SW2019_618,SW,2019,95019.64493587396,1567.9282328001527,refreeze,refreeze,True,True
SW2019_63,SW,2019,335158.7058453567,1165.0407893204606,drain,drain,True,True
SW2019_630,SW,2019,57437.379052611854,1045.732085495428,drain,drain,True,True
SW2019_635,SW,2019,2387097.473427108,1502.4564573251068,buried,buried,True,True
SW2019_651,SW,2019,258697.95525294865,1430.3591936555501,refreeze,refreeze,True,True
SW2019_670,SW,2019,239398.9958913136,869.1077055710801,drain,drain,True,True
SW2019_677,SW,2019,365984.52924407204,1237.465854468718,drain_slow,drain,False,False
SW2019_678,SW,2019,378137.2722331204,1613.9479936162681,drain_slow,drain,True,True
SW2019_685,SW,2019,270644.9300959477,1009.5349311236045,drain,drain,True,True
SW2019_688,SW,2019,299611.8559967497,1655.698362076227,drain_slow,drain,True,True
SW2019_690,SW,2019,85007.32099793278,1248.1974731522425,drain_slow,drain,False,False
SW2019_691,SW,2019,131876.22230480955,916.9533282740681,drain,drain,True,True
SW2019_70,SW,2019,1154043.1707579521,1676.8161437210742,buried,buried,True,True
SW2019_710,SW,2019,77946.27981638712,1743.2926673654458,drain,drain,False,False
SW2019_74,SW,2019,69384.35389557872,948.794903222512,drain,drain,True,True
SW2019_766,SW,2019,997154.935873911,1556.599246557548,drain,drain,True,True
SW2019_77,SW,2019,579883.0282177642,1233.728421826429,drain,drain,True,True
SW2019_777,SW,2019,95116.29971115483,1561.96059874821,buried,buried,True,True
SW2019_780,SW,2019,101549.28616509035,979.916139966809,drain_slow,drain,True,True
SW2019_790,SW,2019,1229159.9117261483,1055.0956069409199,drain_slow,drain,True,True
SW2019_792,SW,2019,208933.69677161815,1264.1181405701566,drain_slow,drain,False,False
SW2019_8,SW,2019,84088.32293304802,1007.7643107600015,drain,drain,True,True
SW2019_80,SW,2019,324696.46622903727,1371.7410808784616,drain_slow,drain,True,True
SW2019_807,SW,2019,100316.46781858256,1133.3485075158508,refreeze,refreeze,True,True
SW2019_810,SW,2019,166675.7463011558,1356.2202216363362,drain_slow,drain,True,True
SW2019_819,SW,2019,100493.83625470675,1791.8879928635154,buried,buried,True,True
SW2019_820,SW,2019,1072713.275370332,1617.8036472076294,buried,buried,True,True
SW2019_840,SW,2019,1129362.8445373508,1841.9591792102096,buried,buried,True,True
SW2019_85,SW,2019,130957.22423998661,885.3299822428633,drain,drain,True,True
SW2019_850,SW,2019,460877.52951829974,1400.7372194012357,drain_slow,drain,True,True
SW2019_857,SW,2019,107982.27261895523,1366.853070538047,refreeze,refreeze,True,True
SW2019_860,SW,2019,170657.17324322884,1525.9653461182604,drain_slow,drain,False,False
SW2019_861,SW,2019,99746.99045517507,1637.573354850278,drain_slow,drain,True,True
SW2019_864,SW,2019,131876.2223048625,904.8760243121505,drain,drain,True,True
SW2019_865,SW,2019,236317.42302865957,1507.7322683608018,drain_slow,drain,True,True
SW2019_866,SW,2019,114874.49611660304,1489.5526045716058,drain,drain,True,True
SW2019_869,SW,2019,58963.28629593844,1509.514337458496,drain_slow,drain,False,False
SW2019_870,SW,2019,167717.14683366247,758.0225461654526,drain,drain,True,True
SW2019_88,SW,2019,62453.327553680276,1043.3287143514262,drain,drain,True,True
SW2019_880,SW,2019,75253.52389314612,1622.7550645434842,drain,drain,False,False
SW2019_883,SW,2019,70579.39197423152,886.6319468893028,drain,drain,False,False
SW2019_885,SW,2019,3750990.864857624,1488.5845377932155,drain,drain,True,True
SW2019_89,SW,2019,274388.2063063094,1226.654415431046,drain,drain,True,True
SW2019_890,SW,2019,190237.16909614645,1819.8159218758683,buried,buried,True,True
SW2019_91,SW,2019,73060.34615493589,1051.9738201860148,drain,drain,True,True
SW2019_910,SW,2019,60982.75719770529,1854.6133170077544,drain_slow,drain,True,True
SW2019_920,SW,2019,283510.9030037763,1281.7127455739203,drain_slow,drain,False,False
SW2019_93,SW,2019,147965.91475101607,1664.2925391879803,drain,drain,True,True
SW2019_938,SW,2019,80862.48219568886,1669.874816691108,drain_slow,drain,True,True
SW2019_954,SW,2019,139456.6928164112,1904.953058503819,refreeze,refreeze,False,False
SW2019_958,SW,2019,618882.3671851049,1328.4134257129713,drain,drain,True,True
SW2019_959,SW,2019,293619.88171706547,1473.9188607687254,buried,buried,True,True
SW2019_960,SW,2019,96269.69778910142,1832.3784693648531,buried,buried,True,True
SW2019_961,SW,2019,2628106.5416979357,1426.7188174168323,buried,buried,True,True
SW2019_968,SW,2019,162192.37758321047,1491.5749697036465,drain,drain,False,False
SW2019_980,SW,2019,117417.85879645366,960.7135168009729,drain,drain,True,True
SW2019_985,SW,2019,241567.3560311321,1916.5346751724248,buried,buried,True,True
